-- MySQL dump 10.13  Distrib 5.5.24, for debian-linux-gnu (x86_64)
--
-- Host: localhost    Database: denigma
-- ------------------------------------------------------
-- Server version	5.5.24-0ubuntu0.12.04.1

/*!40101 SET @OLD_CHARACTER_SET_CLIENT=@@CHARACTER_SET_CLIENT */;
/*!40101 SET @OLD_CHARACTER_SET_RESULTS=@@CHARACTER_SET_RESULTS */;
/*!40101 SET @OLD_COLLATION_CONNECTION=@@COLLATION_CONNECTION */;
/*!40101 SET NAMES utf8 */;
/*!40103 SET @OLD_TIME_ZONE=@@TIME_ZONE */;
/*!40103 SET TIME_ZONE='+00:00' */;
/*!40014 SET @OLD_UNIQUE_CHECKS=@@UNIQUE_CHECKS, UNIQUE_CHECKS=0 */;
/*!40014 SET @OLD_FOREIGN_KEY_CHECKS=@@FOREIGN_KEY_CHECKS, FOREIGN_KEY_CHECKS=0 */;
/*!40101 SET @OLD_SQL_MODE=@@SQL_MODE, SQL_MODE='NO_AUTO_VALUE_ON_ZERO' */;
/*!40111 SET @OLD_SQL_NOTES=@@SQL_NOTES, SQL_NOTES=0 */;

--
-- Table structure for table `auth_group`
--

DROP TABLE IF EXISTS `auth_group`;
/*!40101 SET @saved_cs_client     = @@character_set_client */;
/*!40101 SET character_set_client = utf8 */;
CREATE TABLE `auth_group` (
  `id` int(11) NOT NULL AUTO_INCREMENT,
  `name` varchar(80) NOT NULL,
  PRIMARY KEY (`id`),
  UNIQUE KEY `name` (`name`)
) ENGINE=MyISAM DEFAULT CHARSET=latin1;
/*!40101 SET character_set_client = @saved_cs_client */;

--
-- Dumping data for table `auth_group`
--

LOCK TABLES `auth_group` WRITE;
/*!40000 ALTER TABLE `auth_group` DISABLE KEYS */;
/*!40000 ALTER TABLE `auth_group` ENABLE KEYS */;
UNLOCK TABLES;

--
-- Table structure for table `auth_group_permissions`
--

DROP TABLE IF EXISTS `auth_group_permissions`;
/*!40101 SET @saved_cs_client     = @@character_set_client */;
/*!40101 SET character_set_client = utf8 */;
CREATE TABLE `auth_group_permissions` (
  `id` int(11) NOT NULL AUTO_INCREMENT,
  `group_id` int(11) NOT NULL,
  `permission_id` int(11) NOT NULL,
  PRIMARY KEY (`id`),
  UNIQUE KEY `group_id` (`group_id`,`permission_id`),
  KEY `auth_group_permissions_bda51c3c` (`group_id`),
  KEY `auth_group_permissions_1e014c8f` (`permission_id`)
) ENGINE=MyISAM DEFAULT CHARSET=latin1;
/*!40101 SET character_set_client = @saved_cs_client */;

--
-- Dumping data for table `auth_group_permissions`
--

LOCK TABLES `auth_group_permissions` WRITE;
/*!40000 ALTER TABLE `auth_group_permissions` DISABLE KEYS */;
/*!40000 ALTER TABLE `auth_group_permissions` ENABLE KEYS */;
UNLOCK TABLES;

--
-- Table structure for table `auth_message`
--

DROP TABLE IF EXISTS `auth_message`;
/*!40101 SET @saved_cs_client     = @@character_set_client */;
/*!40101 SET character_set_client = utf8 */;
CREATE TABLE `auth_message` (
  `id` int(11) NOT NULL AUTO_INCREMENT,
  `user_id` int(11) NOT NULL,
  `message` longtext NOT NULL,
  PRIMARY KEY (`id`),
  KEY `auth_message_fbfc09f1` (`user_id`)
) ENGINE=MyISAM DEFAULT CHARSET=latin1;
/*!40101 SET character_set_client = @saved_cs_client */;

--
-- Dumping data for table `auth_message`
--

LOCK TABLES `auth_message` WRITE;
/*!40000 ALTER TABLE `auth_message` DISABLE KEYS */;
/*!40000 ALTER TABLE `auth_message` ENABLE KEYS */;
UNLOCK TABLES;

--
-- Table structure for table `auth_permission`
--

DROP TABLE IF EXISTS `auth_permission`;
/*!40101 SET @saved_cs_client     = @@character_set_client */;
/*!40101 SET character_set_client = utf8 */;
CREATE TABLE `auth_permission` (
  `id` int(11) NOT NULL AUTO_INCREMENT,
  `name` varchar(50) NOT NULL,
  `content_type_id` int(11) NOT NULL,
  `codename` varchar(100) NOT NULL,
  PRIMARY KEY (`id`),
  UNIQUE KEY `content_type_id` (`content_type_id`,`codename`),
  KEY `auth_permission_e4470c6e` (`content_type_id`)
) ENGINE=MyISAM AUTO_INCREMENT=46 DEFAULT CHARSET=latin1;
/*!40101 SET character_set_client = @saved_cs_client */;

--
-- Dumping data for table `auth_permission`
--

LOCK TABLES `auth_permission` WRITE;
/*!40000 ALTER TABLE `auth_permission` DISABLE KEYS */;
INSERT INTO `auth_permission` VALUES (1,'Can add log entry',1,'add_logentry'),(2,'Can change log entry',1,'change_logentry'),(3,'Can delete log entry',1,'delete_logentry'),(4,'Can add permission',2,'add_permission'),(5,'Can change permission',2,'change_permission'),(6,'Can delete permission',2,'delete_permission'),(7,'Can add group',3,'add_group'),(8,'Can change group',3,'change_group'),(9,'Can delete group',3,'delete_group'),(10,'Can add user',4,'add_user'),(11,'Can change user',4,'change_user'),(12,'Can delete user',4,'delete_user'),(13,'Can add message',5,'add_message'),(14,'Can change message',5,'change_message'),(15,'Can delete message',5,'delete_message'),(16,'Can add content type',6,'add_contenttype'),(17,'Can change content type',6,'change_contenttype'),(18,'Can delete content type',6,'delete_contenttype'),(19,'Can add session',7,'add_session'),(20,'Can change session',7,'change_session'),(21,'Can delete session',7,'delete_session'),(22,'Can add site',8,'add_site'),(23,'Can change site',8,'change_site'),(24,'Can delete site',8,'delete_site'),(25,'Can add source url',9,'add_sourceurl'),(26,'Can change source url',9,'change_sourceurl'),(27,'Can delete source url',9,'delete_sourceurl'),(28,'Can add shorty url',10,'add_shortyurl'),(29,'Can change shorty url',10,'change_shortyurl'),(30,'Can delete shorty url',10,'delete_shortyurl'),(31,'Can add visit',11,'add_visit'),(32,'Can change visit',11,'change_visit'),(33,'Can delete visit',11,'delete_visit'),(34,'Can add poll',12,'add_poll'),(35,'Can change poll',12,'change_poll'),(36,'Can delete poll',12,'delete_poll'),(37,'Can add choice',13,'add_choice'),(38,'Can change choice',13,'change_choice'),(39,'Can delete choice',13,'delete_choice'),(40,'Can add tag',14,'add_tag'),(41,'Can change tag',14,'change_tag'),(42,'Can delete tag',14,'delete_tag'),(43,'Can add page',15,'add_page'),(44,'Can change page',15,'change_page'),(45,'Can delete page',15,'delete_page');
/*!40000 ALTER TABLE `auth_permission` ENABLE KEYS */;
UNLOCK TABLES;

--
-- Table structure for table `auth_user`
--

DROP TABLE IF EXISTS `auth_user`;
/*!40101 SET @saved_cs_client     = @@character_set_client */;
/*!40101 SET character_set_client = utf8 */;
CREATE TABLE `auth_user` (
  `id` int(11) NOT NULL AUTO_INCREMENT,
  `username` varchar(30) NOT NULL,
  `first_name` varchar(30) NOT NULL,
  `last_name` varchar(30) NOT NULL,
  `email` varchar(75) NOT NULL,
  `password` varchar(128) NOT NULL,
  `is_staff` tinyint(1) NOT NULL,
  `is_active` tinyint(1) NOT NULL,
  `is_superuser` tinyint(1) NOT NULL,
  `last_login` datetime NOT NULL,
  `date_joined` datetime NOT NULL,
  PRIMARY KEY (`id`),
  UNIQUE KEY `username` (`username`)
) ENGINE=MyISAM AUTO_INCREMENT=2 DEFAULT CHARSET=latin1;
/*!40101 SET character_set_client = @saved_cs_client */;

--
-- Dumping data for table `auth_user`
--

LOCK TABLES `auth_user` WRITE;
/*!40000 ALTER TABLE `auth_user` DISABLE KEYS */;
INSERT INTO `auth_user` VALUES (1,'test','','','test@testing.com','sha1$088a8$e2fd68608d7ecf09706add378cb9ed4131691b4e',1,1,1,'2012-08-12 11:45:41','2012-08-10 15:01:45');
/*!40000 ALTER TABLE `auth_user` ENABLE KEYS */;
UNLOCK TABLES;

--
-- Table structure for table `auth_user_groups`
--

DROP TABLE IF EXISTS `auth_user_groups`;
/*!40101 SET @saved_cs_client     = @@character_set_client */;
/*!40101 SET character_set_client = utf8 */;
CREATE TABLE `auth_user_groups` (
  `id` int(11) NOT NULL AUTO_INCREMENT,
  `user_id` int(11) NOT NULL,
  `group_id` int(11) NOT NULL,
  PRIMARY KEY (`id`),
  UNIQUE KEY `user_id` (`user_id`,`group_id`),
  KEY `auth_user_groups_fbfc09f1` (`user_id`),
  KEY `auth_user_groups_bda51c3c` (`group_id`)
) ENGINE=MyISAM DEFAULT CHARSET=latin1;
/*!40101 SET character_set_client = @saved_cs_client */;

--
-- Dumping data for table `auth_user_groups`
--

LOCK TABLES `auth_user_groups` WRITE;
/*!40000 ALTER TABLE `auth_user_groups` DISABLE KEYS */;
/*!40000 ALTER TABLE `auth_user_groups` ENABLE KEYS */;
UNLOCK TABLES;

--
-- Table structure for table `auth_user_user_permissions`
--

DROP TABLE IF EXISTS `auth_user_user_permissions`;
/*!40101 SET @saved_cs_client     = @@character_set_client */;
/*!40101 SET character_set_client = utf8 */;
CREATE TABLE `auth_user_user_permissions` (
  `id` int(11) NOT NULL AUTO_INCREMENT,
  `user_id` int(11) NOT NULL,
  `permission_id` int(11) NOT NULL,
  PRIMARY KEY (`id`),
  UNIQUE KEY `user_id` (`user_id`,`permission_id`),
  KEY `auth_user_user_permissions_fbfc09f1` (`user_id`),
  KEY `auth_user_user_permissions_1e014c8f` (`permission_id`)
) ENGINE=MyISAM DEFAULT CHARSET=latin1;
/*!40101 SET character_set_client = @saved_cs_client */;

--
-- Dumping data for table `auth_user_user_permissions`
--

LOCK TABLES `auth_user_user_permissions` WRITE;
/*!40000 ALTER TABLE `auth_user_user_permissions` DISABLE KEYS */;
/*!40000 ALTER TABLE `auth_user_user_permissions` ENABLE KEYS */;
UNLOCK TABLES;

--
-- Table structure for table `django_admin_log`
--

DROP TABLE IF EXISTS `django_admin_log`;
/*!40101 SET @saved_cs_client     = @@character_set_client */;
/*!40101 SET character_set_client = utf8 */;
CREATE TABLE `django_admin_log` (
  `id` int(11) NOT NULL AUTO_INCREMENT,
  `action_time` datetime NOT NULL,
  `user_id` int(11) NOT NULL,
  `content_type_id` int(11) DEFAULT NULL,
  `object_id` longtext,
  `object_repr` varchar(200) NOT NULL,
  `action_flag` smallint(5) unsigned NOT NULL,
  `change_message` longtext NOT NULL,
  PRIMARY KEY (`id`),
  KEY `django_admin_log_fbfc09f1` (`user_id`),
  KEY `django_admin_log_e4470c6e` (`content_type_id`)
) ENGINE=MyISAM DEFAULT CHARSET=latin1;
/*!40101 SET character_set_client = @saved_cs_client */;

--
-- Dumping data for table `django_admin_log`
--

LOCK TABLES `django_admin_log` WRITE;
/*!40000 ALTER TABLE `django_admin_log` DISABLE KEYS */;
/*!40000 ALTER TABLE `django_admin_log` ENABLE KEYS */;
UNLOCK TABLES;

--
-- Table structure for table `django_content_type`
--

DROP TABLE IF EXISTS `django_content_type`;
/*!40101 SET @saved_cs_client     = @@character_set_client */;
/*!40101 SET character_set_client = utf8 */;
CREATE TABLE `django_content_type` (
  `id` int(11) NOT NULL AUTO_INCREMENT,
  `name` varchar(100) NOT NULL,
  `app_label` varchar(100) NOT NULL,
  `model` varchar(100) NOT NULL,
  PRIMARY KEY (`id`),
  UNIQUE KEY `app_label` (`app_label`,`model`)
) ENGINE=MyISAM AUTO_INCREMENT=16 DEFAULT CHARSET=latin1;
/*!40101 SET character_set_client = @saved_cs_client */;

--
-- Dumping data for table `django_content_type`
--

LOCK TABLES `django_content_type` WRITE;
/*!40000 ALTER TABLE `django_content_type` DISABLE KEYS */;
INSERT INTO `django_content_type` VALUES (1,'log entry','admin','logentry'),(2,'permission','auth','permission'),(3,'group','auth','group'),(4,'user','auth','user'),(5,'message','auth','message'),(6,'content type','contenttypes','contenttype'),(7,'session','sessions','session'),(8,'site','sites','site'),(9,'source url','shorty','sourceurl'),(10,'shorty url','shorty','shortyurl'),(11,'visit','shorty','visit'),(12,'poll','polls','poll'),(13,'choice','polls','choice'),(14,'tag','wiki','tag'),(15,'page','wiki','page');
/*!40000 ALTER TABLE `django_content_type` ENABLE KEYS */;
UNLOCK TABLES;

--
-- Table structure for table `django_session`
--

DROP TABLE IF EXISTS `django_session`;
/*!40101 SET @saved_cs_client     = @@character_set_client */;
/*!40101 SET character_set_client = utf8 */;
CREATE TABLE `django_session` (
  `session_key` varchar(40) NOT NULL,
  `session_data` longtext NOT NULL,
  `expire_date` datetime NOT NULL,
  PRIMARY KEY (`session_key`),
  KEY `django_session_c25c2c28` (`expire_date`)
) ENGINE=MyISAM DEFAULT CHARSET=latin1;
/*!40101 SET character_set_client = @saved_cs_client */;

--
-- Dumping data for table `django_session`
--

LOCK TABLES `django_session` WRITE;
/*!40000 ALTER TABLE `django_session` DISABLE KEYS */;
INSERT INTO `django_session` VALUES ('6008ae66e62f2bc391219b8182983054','NmI4YWQ2MjYyNjQwOTljMmFhZDkyNzM5NmE4MDBlZDgzYzkwYzdmZjqAAn1xAShVEl9hdXRoX3Vz\nZXJfYmFja2VuZHECVSlkamFuZ28uY29udHJpYi5hdXRoLmJhY2tlbmRzLk1vZGVsQmFja2VuZHED\nVQ1fYXV0aF91c2VyX2lkcQSKAQF1Lg==\n','2012-08-25 09:22:50'),('d8ba6b86944a2ad15535b9a616d8b340','NmI4YWQ2MjYyNjQwOTljMmFhZDkyNzM5NmE4MDBlZDgzYzkwYzdmZjqAAn1xAShVEl9hdXRoX3Vz\nZXJfYmFja2VuZHECVSlkamFuZ28uY29udHJpYi5hdXRoLmJhY2tlbmRzLk1vZGVsQmFja2VuZHED\nVQ1fYXV0aF91c2VyX2lkcQSKAQF1Lg==\n','2012-08-24 17:01:35'),('70bad97bd0aacbdfa6bde71b7bb411cb','NmI4YWQ2MjYyNjQwOTljMmFhZDkyNzM5NmE4MDBlZDgzYzkwYzdmZjqAAn1xAShVEl9hdXRoX3Vz\nZXJfYmFja2VuZHECVSlkamFuZ28uY29udHJpYi5hdXRoLmJhY2tlbmRzLk1vZGVsQmFja2VuZHED\nVQ1fYXV0aF91c2VyX2lkcQSKAQF1Lg==\n','2012-08-26 06:59:38'),('930d5ee91b518fddffb4681a53cedcbc','NmI4YWQ2MjYyNjQwOTljMmFhZDkyNzM5NmE4MDBlZDgzYzkwYzdmZjqAAn1xAShVEl9hdXRoX3Vz\nZXJfYmFja2VuZHECVSlkamFuZ28uY29udHJpYi5hdXRoLmJhY2tlbmRzLk1vZGVsQmFja2VuZHED\nVQ1fYXV0aF91c2VyX2lkcQSKAQF1Lg==\n','2012-08-26 11:45:41');
/*!40000 ALTER TABLE `django_session` ENABLE KEYS */;
UNLOCK TABLES;

--
-- Table structure for table `django_site`
--

DROP TABLE IF EXISTS `django_site`;
/*!40101 SET @saved_cs_client     = @@character_set_client */;
/*!40101 SET character_set_client = utf8 */;
CREATE TABLE `django_site` (
  `id` int(11) NOT NULL AUTO_INCREMENT,
  `domain` varchar(100) NOT NULL,
  `name` varchar(50) NOT NULL,
  PRIMARY KEY (`id`)
) ENGINE=MyISAM AUTO_INCREMENT=2 DEFAULT CHARSET=latin1;
/*!40101 SET character_set_client = @saved_cs_client */;

--
-- Dumping data for table `django_site`
--

LOCK TABLES `django_site` WRITE;
/*!40000 ALTER TABLE `django_site` DISABLE KEYS */;
INSERT INTO `django_site` VALUES (1,'example.com','Example Site');
/*!40000 ALTER TABLE `django_site` ENABLE KEYS */;
UNLOCK TABLES;

--
-- Table structure for table `polls_choice`
--

DROP TABLE IF EXISTS `polls_choice`;
/*!40101 SET @saved_cs_client     = @@character_set_client */;
/*!40101 SET character_set_client = utf8 */;
CREATE TABLE `polls_choice` (
  `id` int(11) NOT NULL AUTO_INCREMENT,
  `poll_id` int(11) NOT NULL,
  `choice` varchar(200) NOT NULL,
  `votes` int(11) NOT NULL,
  PRIMARY KEY (`id`),
  KEY `polls_choice_763e883` (`poll_id`)
) ENGINE=MyISAM DEFAULT CHARSET=latin1;
/*!40101 SET character_set_client = @saved_cs_client */;

--
-- Dumping data for table `polls_choice`
--

LOCK TABLES `polls_choice` WRITE;
/*!40000 ALTER TABLE `polls_choice` DISABLE KEYS */;
/*!40000 ALTER TABLE `polls_choice` ENABLE KEYS */;
UNLOCK TABLES;

--
-- Table structure for table `polls_poll`
--

DROP TABLE IF EXISTS `polls_poll`;
/*!40101 SET @saved_cs_client     = @@character_set_client */;
/*!40101 SET character_set_client = utf8 */;
CREATE TABLE `polls_poll` (
  `id` int(11) NOT NULL AUTO_INCREMENT,
  `question` varchar(200) NOT NULL,
  `pub_date` datetime NOT NULL,
  PRIMARY KEY (`id`)
) ENGINE=MyISAM DEFAULT CHARSET=latin1;
/*!40101 SET character_set_client = @saved_cs_client */;

--
-- Dumping data for table `polls_poll`
--

LOCK TABLES `polls_poll` WRITE;
/*!40000 ALTER TABLE `polls_poll` DISABLE KEYS */;
/*!40000 ALTER TABLE `polls_poll` ENABLE KEYS */;
UNLOCK TABLES;

--
-- Table structure for table `shorty_shortyurl`
--

DROP TABLE IF EXISTS `shorty_shortyurl`;
/*!40101 SET @saved_cs_client     = @@character_set_client */;
/*!40101 SET character_set_client = utf8 */;
CREATE TABLE `shorty_shortyurl` (
  `id` int(11) NOT NULL AUTO_INCREMENT,
  `source_id` int(11) NOT NULL,
  `label` varchar(50) NOT NULL,
  `notify` tinyint(1) NOT NULL,
  PRIMARY KEY (`id`),
  KEY `shorty_shortyurl_89f89e85` (`source_id`)
) ENGINE=MyISAM AUTO_INCREMENT=3 DEFAULT CHARSET=latin1;
/*!40101 SET character_set_client = @saved_cs_client */;

--
-- Dumping data for table `shorty_shortyurl`
--

LOCK TABLES `shorty_shortyurl` WRITE;
/*!40000 ALTER TABLE `shorty_shortyurl` DISABLE KEYS */;
INSERT INTO `shorty_shortyurl` VALUES (1,1,'ads',1),(2,1,'dsfa',1);
/*!40000 ALTER TABLE `shorty_shortyurl` ENABLE KEYS */;
UNLOCK TABLES;

--
-- Table structure for table `shorty_sourceurl`
--

DROP TABLE IF EXISTS `shorty_sourceurl`;
/*!40101 SET @saved_cs_client     = @@character_set_client */;
/*!40101 SET character_set_client = utf8 */;
CREATE TABLE `shorty_sourceurl` (
  `id` int(11) NOT NULL AUTO_INCREMENT,
  `url` varchar(250) NOT NULL,
  `email` varchar(75) NOT NULL,
  `admin_key` varchar(40) NOT NULL,
  PRIMARY KEY (`id`),
  UNIQUE KEY `admin_key` (`admin_key`)
) ENGINE=MyISAM AUTO_INCREMENT=2 DEFAULT CHARSET=latin1;
/*!40101 SET character_set_client = @saved_cs_client */;

--
-- Dumping data for table `shorty_sourceurl`
--

LOCK TABLES `shorty_sourceurl` WRITE;
/*!40000 ALTER TABLE `shorty_sourceurl` DISABLE KEYS */;
INSERT INTO `shorty_sourceurl` VALUES (1,'http://www.google.de/','age@liv.ac.uk','8637461886f9e7913879a30bed73a17204737192');
/*!40000 ALTER TABLE `shorty_sourceurl` ENABLE KEYS */;
UNLOCK TABLES;

--
-- Table structure for table `shorty_visit`
--

DROP TABLE IF EXISTS `shorty_visit`;
/*!40101 SET @saved_cs_client     = @@character_set_client */;
/*!40101 SET character_set_client = utf8 */;
CREATE TABLE `shorty_visit` (
  `id` int(11) NOT NULL AUTO_INCREMENT,
  `when` datetime NOT NULL,
  `shorty_id` int(11) NOT NULL,
  `user_agent_string` longtext NOT NULL,
  PRIMARY KEY (`id`),
  KEY `shorty_visit_c7ca4541` (`shorty_id`)
) ENGINE=MyISAM AUTO_INCREMENT=3 DEFAULT CHARSET=latin1;
/*!40101 SET character_set_client = @saved_cs_client */;

--
-- Dumping data for table `shorty_visit`
--

LOCK TABLES `shorty_visit` WRITE;
/*!40000 ALTER TABLE `shorty_visit` DISABLE KEYS */;
INSERT INTO `shorty_visit` VALUES (1,'2012-08-10 17:00:38',1,'Mozilla/5.0 (X11; Ubuntu; Linux x86_64; rv:14.0) Gecko/20100101 Firefox/14.0.1'),(2,'2012-08-10 17:00:42',2,'Mozilla/5.0 (X11; Ubuntu; Linux x86_64; rv:14.0) Gecko/20100101 Firefox/14.0.1');
/*!40000 ALTER TABLE `shorty_visit` ENABLE KEYS */;
UNLOCK TABLES;

--
-- Table structure for table `wiki_page`
--

DROP TABLE IF EXISTS `wiki_page`;
/*!40101 SET @saved_cs_client     = @@character_set_client */;
/*!40101 SET character_set_client = utf8 */;
CREATE TABLE `wiki_page` (
  `name` varchar(20) NOT NULL,
  `content` longtext NOT NULL,
  PRIMARY KEY (`name`)
) ENGINE=MyISAM DEFAULT CHARSET=latin1;
/*!40101 SET character_set_client = @saved_cs_client */;

--
-- Dumping data for table `wiki_page`
--

LOCK TABLES `wiki_page` WRITE;
/*!40000 ALTER TABLE `wiki_page` DISABLE KEYS */;
INSERT INTO `wiki_page` VALUES ('Start','Welcome the Wiki of Denigma!'),('Test','This is a test');
/*!40000 ALTER TABLE `wiki_page` ENABLE KEYS */;
UNLOCK TABLES;

--
-- Table structure for table `wiki_page_tags`
--

DROP TABLE IF EXISTS `wiki_page_tags`;
/*!40101 SET @saved_cs_client     = @@character_set_client */;
/*!40101 SET character_set_client = utf8 */;
CREATE TABLE `wiki_page_tags` (
  `id` int(11) NOT NULL AUTO_INCREMENT,
  `page_id` varchar(20) NOT NULL,
  `tag_id` varchar(20) NOT NULL,
  PRIMARY KEY (`id`),
  UNIQUE KEY `page_id` (`page_id`,`tag_id`),
  KEY `wiki_page_tags_32d04bc7` (`page_id`),
  KEY `wiki_page_tags_3747b463` (`tag_id`)
) ENGINE=MyISAM AUTO_INCREMENT=6 DEFAULT CHARSET=latin1;
/*!40101 SET character_set_client = @saved_cs_client */;

--
-- Dumping data for table `wiki_page_tags`
--

LOCK TABLES `wiki_page_tags` WRITE;
/*!40000 ALTER TABLE `wiki_page_tags` DISABLE KEYS */;
INSERT INTO `wiki_page_tags` VALUES (1,'Start','Start'),(2,'Start','Welcome'),(3,'Start','Page'),(4,'Test','Why?'),(5,'Test','Why');
/*!40000 ALTER TABLE `wiki_page_tags` ENABLE KEYS */;
UNLOCK TABLES;

--
-- Table structure for table `wiki_tag`
--

DROP TABLE IF EXISTS `wiki_tag`;
/*!40101 SET @saved_cs_client     = @@character_set_client */;
/*!40101 SET character_set_client = utf8 */;
CREATE TABLE `wiki_tag` (
  `name` varchar(20) NOT NULL,
  PRIMARY KEY (`name`)
) ENGINE=MyISAM DEFAULT CHARSET=latin1;
/*!40101 SET character_set_client = @saved_cs_client */;

--
-- Dumping data for table `wiki_tag`
--

LOCK TABLES `wiki_tag` WRITE;
/*!40000 ALTER TABLE `wiki_tag` DISABLE KEYS */;
INSERT INTO `wiki_tag` VALUES ('Page'),('Start'),('test'),('testing'),('Welcome'),('Why'),('Why?');
/*!40000 ALTER TABLE `wiki_tag` ENABLE KEYS */;
UNLOCK TABLES;
/*!40103 SET TIME_ZONE=@OLD_TIME_ZONE */;

/*!40101 SET SQL_MODE=@OLD_SQL_MODE */;
/*!40014 SET FOREIGN_KEY_CHECKS=@OLD_FOREIGN_KEY_CHECKS */;
/*!40014 SET UNIQUE_CHECKS=@OLD_UNIQUE_CHECKS */;
/*!40101 SET CHARACTER_SET_CLIENT=@OLD_CHARACTER_SET_CLIENT */;
/*!40101 SET CHARACTER_SET_RESULTS=@OLD_CHARACTER_SET_RESULTS */;
/*!40101 SET COLLATION_CONNECTION=@OLD_COLLATION_CONNECTION */;
/*!40111 SET SQL_NOTES=@OLD_SQL_NOTES */;

-- Dump completed on 2012-08-12 18:18:15
